<?xml version="1.0" encoding="UTF-8"?>
<addon id="repository.killerfran38" name="Repo killerfran38" version="1.0.0" provider-name="killerfran38">
  <requires>
    <import addon="xbmc.addon" version="12.0.0"/>
  </requires>
  <extension point="xbmc.addon.repository">
    <dir>
      <info compressed="false">https://killerfran38.github.io/kodi-repo/addons.xml</info>
      <checksum>https://killerfran38.github.io/kodi-repo/addons.xml.md5</checksum>
      <datadir zip="true">https://killerfran38.github.io/kodi-repo/</datadir>
    </dir>
  </extension>
  <extension point="xbmc.addon.metadata">
    <summary>Repositorio de killerfran38</summary>
    <description>Addons, repositorios y skins mantenidos por killerfran38</description>
    <platform>all</platform>
  </extension>
</addon>