<?xml version="1.0" encoding="UTF-8" standalone="yes"?>
<addon id="plugin.video.tacones" name="[COLOR red]TACONES[/COLOR]" version="3.5.6" provider-name="La Mala de la Novela">
	<requires>
		<import addon="script.module.six" />
		<import addon="script.module.kodi-six" />
		<import addon="script.module.requests" />
		<import addon="script.module.websocket" version="0.50.0"  optional="true"/>
		<import addon="script.module.youtube.dl" optional="true"/>
		<import addon="plugin.video.youtube" optional="true" />
		<import addon="plugin.video.duffyou" optional="true" />
		<import addon="script.module.dateutil" optional="true" />
		<import addon="script.module.resolveurl" optional="true"/>
		<import addon="script.module.urlresolver" optional="true"/>
		<import addon="script.module.cloudscraper" optional="true"/>
		<import addon="script.module.inputstreamhelper" optional="true"/>
		<import addon="script.module.slproxy" optional="true"/>
		<import addon="script.module.beautifulsoup4" />	
		<import addon="script.module.html5lib" />
	</requires>
	<extension point="xbmc.python.pluginsource" library="default.py">
		<provides>video</provides>
	</extension>
	

	<extension point="xbmc.addon.metadata">
		<summary>Películas, Series y más...</summary>
		<description>
Puedes seguirme en https://t.me/kodispain_1

AVISO LEGAL:

Este complemento no aloja ningun contenido mostrado.
Todo el contenido se encuentra libremente en internet.
No se acepta ninguna responsabilidad por el uso de este addon.

¡Disfruta!
		</description>
		<platform>all</platform>
		<assets>
			<icon>icon.png</icon>
			<fanart>fanart.jpg</fanart>
			<screenshot>resources/media/screenshot-1.jpg</screenshot>
			<screenshot>resources/media/screenshot-2.jpg</screenshot>
			<screenshot>resources/media/screenshot-3.jpg</screenshot>
			<screenshot>resources/media/screenshot-4.jpg</screenshot>
		</assets>
		<news>Segunda versión basada en LSP Mod by Someone Like You
			- Multiples Cambios en la estructura interna.
			- Añadidas librerías de soporte.
		</news>
	</extension>
</addon>