<?xml version="1.0" encoding="UTF-8" standalone="yes"?>
<addon id="plugin.video.blackghost"
       name="Blackghost"
       version="8.0.10"
       provider-name="Blackghost">

    <requires>
        <!-- Obligatorio: dependencia de xbmc.python -->
        <import addon="xbmc.python" version="3.0.0"/>

        <!-- Módulos externos -->
        <import addon="script.module.simplecache"/>
        <import addon="script.module.six"/>
        <import addon="script.module.kodi-six"/>
        <import addon="script.module.requests"/>
        <import addon="script.module.youtube.dl" optional="true"/>
        <import addon="plugin.video.youtube"/>
        <import addon="script.module.dateutil" optional="true"/>
        <import addon="script.module.resolveurl" optional="true"/>
        <import addon="script.module.cloudscraper" optional="true"/>
        <import addon="script.module.inputstreamhelper"/>
        <import addon="script.module.slproxy" optional="true"/>
    </requires>

    <extension point="xbmc.python.pluginsource" library="default.py">
        <provides>video</provides>
    </extension>

    <extension point="xbmc.addon.metadata">
        <summary>BlackGhost 8.0.10</summary>
        <description>BLACK GHOST for ALL</description>
        <platform>all</platform>
        <assets>
            <icon>icon.png</icon>
            <fanart>fanart.jpg</fanart>
        </assets>
    </extension>
</addon>
