<?xml version="1.0" encoding="utf-8"?>
<window>
    <defaultcontrol always="true">450</defaultcontrol>
    <coordinates>
        <system>1</system>
        <posx>0</posx>
        <posy>-184</posy>
    </coordinates>
    <include>DialogOpenClose</include>
    <onload condition="Skin.HasSetting(StopPlaybackOnMenu)">PlayerControl(stop)</onload>
    <controls>
        <include>DimBG</include>
        <control type="group">
            <include condition="Skin.HasSetting(BlackGlassMode)+!Skin.HasSetting(DisableSlidingAnimations)">OpenCloseSlideRight</include>
            <posy>12</posy>
            <include content="WindowClosingButton">
                <param name="id" value="0"/>
                <param name="x" value="1637"/>
                <param name="y" value="215"/>
            </include>
            <control type="image">
                <posx>233</posx>
                <posy>219</posy>
                <width>1454</width>
                <height>984</height>
                <texture border="90">common/bg_dialog.png</texture>
            </control>
            <control type="image">
                <posx>278</posx>
                <posy>292</posy>
                <width>1364</width>
                <height>90</height>
                <texture border="3">list/bg_facade_nofocus_top.png</texture>
            </control>
            <control type="label" id="411">
                <posx>323</posx>
                <posy>295</posy>
                <height>36</height>
                <width>1274</width>
                <align>center</align>
                <font>InfoTitleFont</font>
                <textcolor>MainColor</textcolor>
            </control>
            <control type="label" id="412">
                <posx>323</posx>
                <posy>341</posy>
                <height>36</height>
                <width>1274</width>
                <align>center</align>
                <font>LeftMenuTitleFont</font>
                <textcolor>60ffffff</textcolor>
            </control>
            <control type="panel" id="450">
                <posx>278</posx>
                <posy>382</posy>
                <width>931</width>
                <height>730</height>
                <pagecontrol>60</pagecontrol>
                <scrolltime>200</scrolltime>
                <onleft>noop</onleft>
                <onright>60</onright>
                <onup>450</onup>
                <ondown>450</ondown>
                <itemlayout height="73" width="931">
                    <control type="image">
                        <posx>0</posx>
                        <posy>0</posy>
                        <height>73</height>
                        <width>931</width>
                        <texture border="3">list/bg_facade_nofocus.png</texture>
                    </control>
                    <control type="image">
                        <posx>15</posx>
                        <height>71</height>
                        <width>73</width>
                        <colordiffuse>NoFocusedColor</colordiffuse>
                        <include>SquareThumb</include>
                    </control>
                    <control type="label">
                        <visible>String.IsEqual(ListItem.Label2,)</visible>
                        <posx>103</posx>
                        <height>71</height>
                        <width>800</width>
                        <font>FacadeListMainFont</font>
                        <textcolor>ListNoFocusColor</textcolor>
                        <label>$INFO[ListItem.Label]</label>
                        <scroll>false</scroll>
                    </control>
                    <control type="label">
                        <visible>!String.IsEqual(ListItem.Label2,)</visible>
                        <posx>103</posx>
                        <height>42</height>
                        <width>800</width>
                        <font>FacadeListMainFont</font>
                        <textcolor>ListNoFocusColor</textcolor>
                        <label>$INFO[ListItem.Label]</label>
                        <scroll>false</scroll>
                    </control>
                    <control type="label">
                        <visible>!String.IsEqual(ListItem.Label2,)</visible>
                        <posx>103</posx>
                        <posy>39</posy>
                        <height>28</height>
                        <width>800</width>
                        <font>FacadeListSubFont</font>
                        <textcolor>SublistNoFocusColor</textcolor>
                        <label>$INFO[ListItem.Label2]</label>
                        <scroll>false</scroll>
                    </control>
                </itemlayout>
                <focusedlayout height="73" width="931">
                    <control type="image">
                        <posx>0</posx>
                        <posy>0</posy>
                        <height>73</height>
                        <width>931</width>
                        <include>FacadeFocus</include>
                    </control>
                    <control type="image">
                        <posx>15</posx>
                        <height>71</height>
                        <width>73</width>
                        <include>SquareThumb</include>
                    </control>
                    <control type="label">
                        <visible>String.IsEqual(ListItem.Label2,)</visible>
                        <posx>103</posx>
                        <height>71</height>
                        <width>800</width>
                        <font>FacadeListMainFont</font>
                        <textcolor>ListFocusColor</textcolor>
                        <label>$INFO[ListItem.Label]</label>
                    </control>
                    <control type="label">
                        <visible>!String.IsEqual(ListItem.Label2,)</visible>
                        <posx>103</posx>
                        <height>42</height>
                        <width>800</width>
                        <font>FacadeListMainFont</font>
                        <textcolor>ListFocusColor</textcolor>
                        <label>$INFO[ListItem.Label]</label>
                    </control>
                    <control type="label">
                        <visible>!String.IsEqual(ListItem.Label2,)</visible>
                        <posx>103</posx>
                        <posy>39</posy>
                        <height>28</height>
                        <width>800</width>
                        <font>FacadeListSubFont</font>
                        <textcolor>SublistFocusColor</textcolor>
                        <label>$INFO[ListItem.Label2]</label>
                    </control>
                </focusedlayout>
            </control>
            <control type="panel" id="451">
                <posx>278</posx>
                <posy>382</posy>
                <width>931</width>
                <height>730</height>
                <pagecontrol>60</pagecontrol>
                <scrolltime>200</scrolltime>
                <onleft>noop</onleft>
                <onright>60</onright>
                <onup>451</onup>
                <ondown>451</ondown>
                <itemlayout height="73" width="931">
                    <control type="image">
                        <posx>0</posx>
                        <posy>0</posy>
                        <height>73</height>
                        <width>931</width>
                        <texture border="3">list/bg_facade_nofocus.png</texture>
                    </control>
                    <control type="image">
                        <posx>15</posx>
                        <height>71</height>
                        <width>71</width>
                        <include>SquareThumb</include>
                        <colordiffuse>NoFocusedColor</colordiffuse>
                    </control>
                    <control type="label">
                        <visible>String.IsEqual(ListItem.Label2,)</visible>
                        <posx>100</posx>
                        <height>71</height>
                        <width>800</width>
                        <font>FacadeListMainFont</font>
                        <textcolor>ListNoFocusColor</textcolor>
                        <label>$INFO[ListItem.Label]</label>
                    </control>
                    <control type="label">
                        <visible>!String.IsEqual(ListItem.Label2,)</visible>
                        <posx>100</posx>
                        <height>42</height>
                        <width>800</width>
                        <font>FacadeListMainFont</font>
                        <textcolor>ListNoFocusColor</textcolor>
                        <label>$INFO[ListItem.Label]</label>
                    </control>
                    <control type="label">
                        <visible>!String.IsEqual(ListItem.Label2,)</visible>
                        <posx>100</posx>
                        <posy>39</posy>
                        <height>28</height>
                        <width>800</width>
                        <font>FacadeListSubFont</font>
                        <textcolor>SublistNoFocusColor</textcolor>
                        <label>$INFO[ListItem.Label2]</label>
                    </control>
                </itemlayout>
                <focusedlayout height="73" width="931">
                    <control type="image">
                        <posx>0</posx>
                        <posy>0</posy>
                        <height>73</height>
                        <width>931</width>
                        <include>FacadeFocus</include>
                    </control>
                    <control type="image">
                        <posx>15</posx>
                        <height>71</height>
                        <width>71</width>
                        <include>SquareThumb</include>
                    </control>
                    <control type="label">
                        <visible>String.IsEqual(ListItem.Label2,)</visible>
                        <posx>100</posx>
                        <height>71</height>
                        <width>800</width>
                        <font>FacadeListMainFont</font>
                        <textcolor>ListFocusColor</textcolor>
                        <label>$INFO[ListItem.Label]</label>
                    </control>
                    <control type="label">
                        <visible>!String.IsEqual(ListItem.Label2,)</visible>
                        <posx>100</posx>
                        <height>42</height>
                        <width>800</width>
                        <font>FacadeListMainFont</font>
                        <textcolor>ListFocusColor</textcolor>
                        <label>$INFO[ListItem.Label]</label>
                    </control>
                    <control type="label">
                        <visible>!String.IsEqual(ListItem.Label2,)</visible>
                        <posx>100</posx>
                        <posy>39</posy>
                        <height>28</height>
                        <width>800</width>
                        <font>FacadeListSubFont</font>
                        <textcolor>SublistFocusColor</textcolor>
                        <label>$INFO[ListItem.Label2]</label>
                    </control>
                </focusedlayout>
            </control>
            <control type="scrollbar" id="60">
                <posx>1178</posx>
                <posy>382</posy>
                <height>730</height>
                <include>VerticalScroller</include>
                <onleft>450</onleft>
                <onright>9001</onright>
            </control>
            <control type="image">
                <posx>1209</posx>
                <posy>382</posy>
                <width>2</width>
                <height>771</height>
                <texture>list/bg_facade_vertical.png</texture>
            </control>
            <control type="image">
                <posx>1209</posx>
                <posy>382</posy>
                <height>771</height>
                <width>375</width>
                <texture flipx="true">list/bg_strip_horizontal_left.png</texture>
                <colordiffuse>90ffffff</colordiffuse>
            </control>
            <control type="grouplist" id="9001">
                <posx>1209</posx>
                <posy>382</posy>
                <width>433</width>
                <height>292</height>
                <itemgap>0</itemgap>
                <orientation>vertical</orientation>
                <onleft>450</onleft>
                <onright>60</onright>
                <onup>noop</onup>
                <ondown>noop</ondown>
                <scrolltime>200</scrolltime>
                <control type="button" id="413">
                    <label>$LOCALIZE[186]</label>
                    <width>433</width>
                    <height>73</height>
                    <include>LeftMenuButton</include>
                    <onleft>450</onleft>
                    <onright>60</onright>
                </control>
                <control type="button" id="414">
                    <label>$LOCALIZE[222]</label>
                    <width>433</width>
                    <height>73</height>
                    <include>LeftMenuButton</include>
                    <onleft>450</onleft>
                    <onright>60</onright>
                </control>
                <control type="button" id="415">
                    <label>$LOCALIZE[119]</label>
                    <width>433</width>
                    <height>73</height>
                    <include>LeftMenuButton</include>
                    <onleft>450</onleft>
                    <onright>60</onright>
                </control>
                <control type="radiobutton" id="416">
                    <label>$LOCALIZE[749]</label>
                    <width>433</width>
                    <height>73</height>
                    <radioposx>359</radioposx>
                    <font>SmallButtonFont</font>
                    <textwidth>287</textwidth>
                    <include>LeftMenuButton</include>
                    <onleft>450</onleft>
                    <onright>60</onright>
                </control>
            </control>
            <control type="image">
                <posx>1212</posx>
                <posy>678</posy>
                <width>430</width>
                <height>473</height>
                <include>SquareThumb</include>
                <include>ThumbBorder</include>
            </control>
        </control>
    </controls>
</window>
