<?xml version="1.0" encoding="UTF-8"?>
<window>
	<defaultcontrol always="true">50</defaultcontrol>
	<menucontrol>9000</menucontrol>
	<views>50</views>
	<controls>
	    <include>Fanart_Art</include>
        <include>Player_Show</include>
        <include>Time</include>
        <include>InfoBackground</include>
		<control type="group">
		     <include>View_50_BG</include>
             <include>Info_50_List_BG</include>
		</control>
		<control type="group">	
			<include>CommonPageCount</include>
			<include>CommonNowPlaying</include>
			<include>MainWindowMouseButtons</include>
			<include>FooterInfo</include>
			<include>Icon_Fade</include>
            <include>DetatchedThumb_50_BG</include>
		</control>
		<control type="group">
			<control type="label">
			<top>20</top>
			<width>375</width>
			<height>53</height>
			 <font>InfoTitleFont</font>
			<label>Favourites</label>
			<textcolor>white</textcolor>
			<align>center</align>
			<aligny>center</aligny>
	     </control>
	  </control>		
	</controls>
</window>
