<?xml version="1.0" encoding="utf-8"?>
<addon id="skin.blackglassnova.21" version="1.0.0" name="Black Glass Nova 21" provider-name="Tgx, Funs, Knuckels">
    <requires>
        <import addon="xbmc.gui" version="5.17.0"/>
        <import addon="script.favourites" version="3.2.0"/>
        <import addon="script.skinshortcuts" version="0.2.4"/>
        <import addon="resource.images.weatherfanart.single" version="0.0.4"/>
        <import addon="resource.images.weathericons.transparent" version="0.0.4"/>
        <import addon="resource.images.studios.white" version="0.0.6"/>
        <import addon="resource.images.recordlabels.white" version="0.0.6"/>
        <import addon="resource.uisounds.nebula" version="0.0.1"/>
        <import addon="resource.images.languageflags.colour" version="0.0.2"/>
        <import addon="script.image.resource.select" version="0.0.5"/>
        <import addon="script.skin.helper.colorpicker" version="1.0.11"/>
    </requires>
    <extension point="xbmc.gui.skin" debugging="false">
        <res width="1920" height="1080" aspect="16:9" default="true" folder="1080i"/>
    </extension>
    <extension point="xbmc.addon.metadata">
        <summary lang="de">Von MediaPortal portiert, ist Black Glass Nova ein einfach zu bedienendes und ein an Fankunst orientiertes Skin.</summary>
        <summary lang="el">Προερχόμενο από το MediaPortal, το Black Glass Nova είναι ένα εύκολο στη χρήση κέλυφος, με προσανατολισμό στα fanart.</summary>
        <summary lang="en">Ported from MediaPortal, Black Glass Nova is an easy to use and fanart oriented skin designed for Full HD TV screens.</summary>
        <summary lang="en_AU">Ported from MediaPortal, Black Glass Nova is an easy to use and fanart oriented skin designed for Full HD TV screens.</summary>
        <summary lang="en_NZ">Ported from MediaPortal, Black Glass Nova is an easy to use and fanart oriented skin designed for Full HD TV screens.</summary>
        <summary lang="en_US">Ported from MediaPortal, Black Glass Nova is an easy to use and fanart oriented skin designed for Full HD TV screens.</summary>
        <summary lang="es">Portado desde MediaPortal, Black Glass Nova es una piel facil de usar hecha para fanart</summary>
        <summary lang="fr_CA">Porté de MediaPortal, Black Glass Nova est un habillage simple à utiliser et consacré au fanart.</summary>
        <summary lang="he">המעטפת Black Glass Nova שבמקור נוצרה עבור MediaPortal, הינה קלה לשימוש, עושה שימוש רב בפאנארט ומותאמת במיוחד למסכים באבחנת Full HD.</summary>
        <summary lang="hu">A MediaPortal portolása, Black Glass Nova egy könnyen használható fanart orientált felszín.</summary>
        <summary lang="it">Trasferita da MediaPortal, Black Glass Nova è una skin facile da utilizzare e orientata alle fanart, progettata per TV Full HD.</summary>
        <summary lang="ko">MediaPortal에서 포팅된 Black Glass Nova는 사용하기 쉽고 팬아트를 지원하는 스킨입니다.</summary>
        <summary lang="lt">Perkeltas iš MediaPortal, 'Black Glass Nova' paprasta naudotis ir orentuotas į FanArt.</summary>
        <summary lang="ms">Diambil dari  MediaPortal, Black Glass Nova merupakan kulit berorientasikan seni peminat yang mudah digunakan.</summary>
        <summary lang="nl">Geport van MediaPortal, Black Glass Nova is een gemakkelijk in gebruik zijnde en fan-art georiënteerde skin.</summary>
        <summary lang="pl">Przeniesiona z programu MediaPortal, Black Glass Nova jest łatwą w użyciu i skupioną na prezentacji fototapet skórą, która została zaprojektowana pod kątem wyświetlania na ekranach Full HD.</summary>
        <summary lang="pt">Convertido do MediaPortal, Black Glass Nova é um tema fácil de usar e orientado para uso de fanart.</summary>
        <summary lang="pt_BR">Portada do MediaPortal, a Black Glass Nova é uma skin fácil de usar e orientada a fanart.</summary>
        <summary lang="ru">Портирована с MediaPortal, Black Glass Nova - это простая в использовании и ориентированная на фанарты обложка.</summary>
        <summary lang="sv">Black Glass Nova är ett lätthanterat och fanart orienterat skal som är porterat från MediaPortal.</summary>
        <summary lang="zh">由MediaPortal移植而来，Black Glass Nova 是一个面向易用和同人画的皮肤。</summary>
        <description lang="de">Von MediaPortal portiert, ist Black Glass Nova ein einfach zu bedienendes und ein an Fankunst orientiertes Skin.</description>
        <description lang="el">Προερχόμενο από το MediaPortal, το Black Glass Nova είναι ένα εύκολο στη χρήση κέλυφος, με προσανατολισμό στα fanart.</description>
        <description lang="en">Ported from MediaPortal, Black Glass Nova is an easy to use and fanart oriented skin designed for Full HD TV screens.</description>
        <description lang="en_AU">Ported from MediaPortal, Black Glass Nova is an easy to use and fanart oriented skin designed for Full HD TV screens.</description>
        <description lang="en_NZ">Ported from MediaPortal, Black Glass Nova is an easy to use and fanart oriented skin designed for Full HD TV screens.</description>
        <description lang="en_US">Ported from MediaPortal, Black Glass Nova is an easy to use and fanart oriented skin designed for Full HD TV screens.</description>
        <description lang="es">Portado desde MediaPortal, Black Glass Nova es una piel facil de usar hecha para fanart</description>
        <description lang="fr_CA">Porté de MediaPortal, Black Glass Nova est un habillage simple à utiliser et consacré au fanart.</description>
        <description lang="he">המעטפת Black Glass Nova שבמקור נוצרה עבור MediaPortal, הינה קלה לשימוש, עושה שימוש רב בפאנארט ומותאמת במיוחד למסכים באבחנת Full HD.</description>
        <description lang="hu">A MediaPortal portolása, Black Glass Nova egy könnyen használható fanart orientált felszín.</description>
        <description lang="it">Trasferita da MediaPortal, Black Glass Nova è una skin facile da utilizzare e orientata alle fanart, progettata per TV Full HD.</description>
        <description lang="ko">MediaPortal에서 포팅된 Black Glass Nova는 사용하기 쉽고 팬아트를 지원하는 스킨입니다.</description>
        <description lang="lt">Perkeltas iš MediaPortal, 'Black Glass Nova' paprasta naudotis ir orentuotas į FanArt.</description>
        <description lang="ms">Diambil dari  MediaPortal, Black Glass Nova merupakan kulit berorientasikan seni peminat yang mudah digunakan.</description>
        <description lang="nl">Geport van MediaPortal, Black Glass Nova is een gemakkelijk in gebruik zijnde en fan-art georiënteerde skin.</description>
        <description lang="pl">Przeniesiona z programu MediaPortal, Black Glass Nova jest łatwą w użyciu i skupioną na prezentacji fototapet skórą, która została zaprojektowana pod kątem wyświetlania na ekranach Full HD.</description>
        <description lang="pt">Convertido do MediaPortal, Black Glass Nova é um tema fácil de usar e orientado para uso de fanart.</description>
        <description lang="pt_BR">Portada do MediaPortal, a Black Glass Nova é uma skin fácil de usar e orientada a fanart.</description>
        <description lang="ru">Портирована с MediaPortal, Black Glass Nova - это простая в использовании и ориентированная на фанарты обложка.</description>
        <description lang="sv">Black Glass Nova är ett lätthanterat och fanart orienterat skal som är porterat från MediaPortal.</description>
        <description lang="zh">由MediaPortal移植而来，Black Glass Nova 是一个面向易用和同人画的皮肤。</description>
        <disclaimer lang="en">This skin does not work on Apple Tv 2</disclaimer>
        <disclaimer lang="it">Questa skin non funziona su Apple Tv 2</disclaimer>
        <license>Creative Commons Attribution-ShareAlike 3.0 Unported License</license>
        <forum>http://forum.kodi.tv/forumdisplay.php?fid=208</forum>
        <source>https://github.com/Tgxcorporation/skin.blackglassnova</source>
        <website>https://github.com/Tgxcorporation/skin.blackglassnova/wiki</website>
        <platform>all</platform>
        <assets>
            <icon>icon.png</icon>
            <fanart>fanart.jpg</fanart>
            <screenshot>screenshots/screenshot01.jpg</screenshot>
            <screenshot>screenshots/screenshot02.jpg</screenshot>
            <screenshot>screenshots/screenshot03.jpg</screenshot>
            <screenshot>screenshots/screenshot04.jpg</screenshot>
            <screenshot>screenshots/screenshot05.jpg</screenshot>
            <screenshot>screenshots/screenshot06.jpg</screenshot>
            <screenshot>screenshots/screenshot07.jpg</screenshot>
            <screenshot>screenshots/screenshot08.jpg</screenshot>
            <screenshot>screenshots/screenshot09.jpg</screenshot>
            <screenshot>screenshots/screenshot10.jpg</screenshot>
        </assets>
    </extension>
</addon>
